paciente,resposta,nota1,nota2,nota3,nota4,nota5,nota6,nota7,nota8,nota9,nota10,nota11,nota_total
0,a,4,5,4,4,5,5,1,1,1,5,4,39
0,b,2,5,4,5,4,5,1,0,1,5,5,37
0,c,4,5,4,4,4,5,1,1,1,5,4,38
1,a,4,5,4,4,4,5,1,1,1,5,4,38
2,a,4,5,4,4,5,5,1,1,1,5,4,39
2,b,4,5,4,4,5,5,1,0,1,5,4,38
2,c,4,5,4,4,5,5,1,1,1,5,4,39
3,a,4,5,4,4,5,5,1,0,1,5,4,38
3,b,4,5,4,4,5,5,1,0,1,5,4,38
3,c,4,5,4,4,4,5,1,0,1,5,4,37
4,a,5,5,4,4,5,5,1,1,1,5,4,40
4,c,4,5,4,4,4,5,1,1,1,5,4,38
5,a,4,5,4,4,4,5,1,1,1,5,4,38
5,b,4,5,4,4,4,5,1,0,1,5,4,37
6,a,4,5,4,4,5,5,1,1,1,5,4,39
6,b,4,5,4,4,4,4,1,1,1,5,4,37
6,c,4,4,4,4,4,5,1,1,1,5,4,37
7,a,4,5,4,4,5,5,1,1,1,5,4,39
7,b,5,5,4,4,4,4,1,0,1,5,4,37
7,c,4,5,4,4,4,5,1,1,1,5,4,38
8,a,4,5,4,4,5,5,1,1,1,5,4,39
8,b,3,5,4,4,4,5,1,1,1,5,4,37
8,c,4,5,4,4,5,5,1,1,1,5,4,39
9,a,5,5,4,4,5,5,1,0,1,5,5,40
9,b,4,5,4,4,5,5,1,0,1,5,4,38
10,a,4,5,4,4,5,5,1,0,1,5,4,38
10,b,4,5,4,4,5,5,1,1,1,5,4,39
10,c,4,5,4,5,5,5,1,0,1,5,4,39
11,a,4,5,4,4,5,5,1,0,1,5,5,39
11,b,5,5,4,4,5,5,1,0,1,5,5,40
12,a,4,5,4,4,5,5,1,0,1,5,4,38
12,c,4,5,4,4,4,5,1,1,1,5,4,38
13,a,4,5,4,5,5,5,1,0,1,5,5,40
13,c,4,5,4,4,4,5,1,1,1,5,4,38
14,a,4,5,4,4,5,5,1,1,1,5,4,39
14,b,4,5,4,4,4,5,1,0,1,5,4,37
14,c,4,5,4,5,5,5,1,1,1,5,4,40
15,a,4,5,4,5,5,5,1,0,1,5,5,40
15,b,4,5,4,4,4,4,1,1,1,5,4,37
15,c,4,5,4,4,5,5,1,1,1,5,4,39
16,a,4,5,4,4,5,5,1,1,1,5,4,39
16,b,4,5,4,4,5,5,1,0,1,5,4,38
16,c,4,5,4,4,4,5,1,1,1,5,4,38
17,a,4,5,4,4,5,5,1,0,1,5,5,39
17,b,5,5,4,4,4,4,1,0,1,5,4,37
17,c,4,5,4,4,5,5,1,0,1,5,4,38
18,a,4,5,4,4,5,5,1,1,1,5,4,39
18,b,4,5,4,4,4,5,1,0,1,5,5,38
18,c,4,5,4,4,5,5,1,1,1,5,4,39
19,a,4,5,4,5,5,5,1,0,1,5,5,40
20,a,4,5,4,5,5,5,1,0,1,5,4,39
20,b,4,4,4,4,4,5,1,0,1,5,4,36
21,a,4,5,4,5,5,5,1,1,1,5,5,41
21,b,4,5,4,4,4,5,1,1,1,5,4,38
22,a,4,5,4,4,5,5,1,1,1,5,4,39
22,c,4,5,4,4,4,5,1,1,1,5,4,38
23,a,4,5,4,4,5,5,1,0,1,5,5,39
23,b,4,5,4,4,4,4,1,0,1,5,4,36
23,c,4,5,4,4,4,5,1,1,1,5,4,38
24,a,4,5,4,4,5,5,1,0,1,5,4,38
24,b,5,5,4,4,4,5,1,0,1,5,4,38
24,c,4,5,4,4,4,4,1,0,1,5,4,36
25,a,4,5,4,4,5,5,1,0,1,5,4,38
25,b,4,5,4,4,4,5,1,0,1,5,4,37
26,a,4,5,4,5,5,5,1,0,1,5,4,39
26,b,4,5,4,4,5,5,1,0,1,5,4,38
27,a,4,5,4,4,5,5,1,1,1,5,4,39
27,b,5,5,4,4,4,4,1,0,1,5,4,37
27,c,4,5,4,4,5,5,1,0,1,5,5,39
28,a,4,5,4,4,5,5,1,1,1,5,4,39
28,b,4,5,4,4,5,5,1,1,1,5,4,39
28,c,4,5,4,4,5,5,1,1,1,5,4,39
29,a,5,5,4,4,5,5,1,0,1,5,5,40
29,b,4,5,4,4,5,5,1,0,1,5,4,38
30,a,4,5,4,4,4,5,1,1,1,5,4,38
30,b,5,5,4,4,5,5,1,0,1,5,4,39
31,a,4,5,4,4,5,5,1,0,1,5,4,38
31,b,5,5,4,4,4,5,1,0,1,5,4,38
31,c,4,5,4,4,4,5,1,1,1,5,4,38
32,a,4,5,4,5,5,5,1,0,1,5,4,39
32,b,4,5,4,4,4,5,1,0,1,5,4,37
32,c,4,5,4,4,4,5,1,1,1,5,4,38
33,a,4,5,4,4,5,5,1,0,1,5,4,38
33,b,5,5,4,4,5,5,1,1,1,5,4,40
33,c,4,5,4,4,4,5,1,1,1,5,4,38
34,a,4,5,4,4,5,5,1,0,1,5,4,38
34,b,4,5,4,4,5,5,1,0,1,5,4,38
34,c,4,5,4,4,5,5,1,1,1,5,4,39
35,a,4,5,4,4,5,5,1,0,1,5,4,38
35,b,4,4,4,4,4,4,1,1,1,4,4,35
35,c,4,5,4,4,4,5,1,1,1,5,4,38
36,a,4,5,4,4,5,4,1,1,1,5,4,38
36,b,4,5,4,4,5,5,1,1,1,5,4,39
36,c,4,5,4,4,4,5,1,1,1,5,4,38
37,a,4,5,4,4,5,5,1,0,1,5,4,38
37,b,4,5,4,4,4,5,1,1,1,5,4,38
37,c,4,5,4,4,4,5,1,1,1,5,4,38
38,a,4,5,4,4,5,5,1,1,1,5,4,39
38,b,3,5,4,4,3,5,1,1,1,5,4,36
38,c,4,5,4,4,4,5,1,1,1,5,4,38
39,a,4,5,4,4,5,5,1,1,1,5,4,39
39,b,2,5,4,4,4,5,1,1,1,5,4,36
40,a,4,5,4,5,5,5,1,1,1,5,4,40
40,b,4,5,4,4,4,5,1,0,1,5,4,37
41,a,4,5,4,4,4,5,1,0,1,5,4,37
41,b,4,5,4,4,5,5,1,0,1,5,4,38
41,c,4,5,4,4,4,5,1,0,1,5,4,37
42,a,4,5,4,5,5,5,1,1,1,5,4,40
42,b,4,5,4,4,4,4,1,0,1,5,4,36
43,a,4,5,4,4,5,5,1,1,1,5,4,39
43,b,4,4,4,4,4,4,1,1,1,4,4,35
43,c,4,5,4,4,5,5,1,0,1,5,4,38
44,a,4,5,4,4,5,5,1,0,1,5,4,38
44,b,4,4,4,3,4,4,1,1,1,4,4,34
44,c,4,5,4,4,4,5,1,1,1,5,4,38
45,a,4,5,4,4,5,5,1,1,1,5,4,39
46,a,4,5,4,4,5,5,1,1,1,5,4,39
46,c,4,5,4,4,4,5,1,1,1,5,4,38
47,a,4,5,4,4,5,5,1,0,1,5,4,38
48,a,4,5,4,4,4,4,1,1,1,5,4,37
48,b,4,5,4,4,4,5,1,0,1,5,4,37
48,c,4,5,4,4,4,5,1,1,1,5,4,38
49,a,5,5,4,4,5,5,1,0,1,5,5,40
49,b,4,5,4,4,5,5,1,0,1,5,4,38
49,c,5,5,4,4,5,5,1,0,1,5,4,39
50,a,4,5,4,4,5,5,1,1,1,5,4,39
50,b,3,5,4,5,3,5,1,1,1,5,4,37
50,c,4,5,4,4,4,5,1,0,1,5,4,37
51,a,4,5,4,5,5,5,1,0,1,5,5,40
51,b,4,5,4,4,4,5,1,1,1,5,4,38
51,c,4,5,4,4,4,5,1,1,1,5,4,38
52,a,4,5,4,4,4,5,1,1,1,5,4,38
52,b,4,4,4,4,4,4,1,1,1,5,4,36
52,c,4,5,4,4,5,5,1,1,1,5,4,39
53,a,4,5,4,4,5,5,1,0,1,5,4,38
53,b,4,5,4,4,5,5,1,1,1,5,4,39
53,c,4,5,4,4,5,5,1,0,1,5,4,38
54,a,4,5,4,4,4,5,1,0,1,5,4,37
54,b,4,5,4,4,4,5,1,1,1,5,4,38
54,c,4,5,4,4,5,5,1,1,1,5,4,39
55,a,4,5,4,4,5,5,1,1,1,5,4,39
55,c,4,5,4,4,4,5,1,1,1,5,4,38
56,a,4,5,4,5,5,5,1,0,1,5,4,39
56,b,4,5,4,4,4,5,1,0,1,5,5,38
56,c,4,5,4,4,5,5,1,0,1,5,5,39
57,a,4,5,4,4,5,5,1,1,1,5,4,39
57,b,4,5,4,4,5,5,1,0,1,5,4,38
57,c,4,5,4,4,4,5,1,1,1,5,5,39
58,a,4,5,4,4,5,5,1,0,1,5,4,38
58,b,4,5,4,4,4,4,1,0,1,5,4,36
58,c,4,5,4,4,5,5,1,0,1,5,4,38
59,a,4,5,4,4,5,5,1,0,1,5,4,38
59,b,4,5,4,4,5,5,1,0,1,5,4,38
59,c,4,5,4,4,4,5,1,0,1,5,4,37
60,a,4,5,4,4,5,5,1,1,1,5,4,39
60,b,4,5,4,4,4,5,1,1,1,5,4,38
60,c,4,5,4,4,5,5,1,0,1,5,4,38
61,a,4,5,4,4,5,5,1,0,1,5,5,39
61,c,4,5,4,4,4,5,1,0,1,5,4,37
62,a,5,5,4,4,5,5,1,0,1,5,4,39
62,c,2,4,3,4,2,4,1,1,1,5,3,30
63,a,4,5,4,4,5,5,1,0,1,5,4,38
64,a,4,5,4,4,4,4,1,1,1,5,4,37
64,c,3,5,4,4,4,5,1,1,1,5,4,37
65,a,4,5,4,4,5,5,1,0,1,5,5,39
65,c,4,5,4,4,4,4,1,1,1,5,4,37
66,a,4,5,4,4,5,5,1,0,1,5,4,38
66,b,4,5,4,4,4,5,1,0,1,5,4,37
66,c,4,5,4,4,5,5,1,0,1,5,4,38
67,a,4,5,4,4,5,5,1,1,1,5,4,39
67,b,4,5,4,4,4,5,1,1,1,5,4,38
67,c,4,5,4,4,4,5,1,1,1,5,4,38
68,a,4,5,4,5,5,5,1,0,1,5,5,40
68,b,4,5,4,4,4,5,1,0,1,5,4,37
69,a,4,5,4,4,5,5,1,0,1,5,4,38
69,b,4,5,4,4,5,5,1,1,1,5,4,39
70,a,4,5,4,4,5,5,1,1,1,5,4,39
70,b,5,5,4,5,5,5,1,0,1,5,4,40
70,c,4,5,4,4,5,5,1,0,1,5,4,38
71,a,4,5,4,4,5,5,1,1,1,5,4,39
71,b,5,5,4,4,5,5,1,0,1,5,4,39
72,a,4,5,4,4,5,5,1,0,1,5,4,38
72,b,4,4,4,4,5,5,1,0,1,5,4,37
72,c,4,5,4,4,4,4,1,1,1,5,4,37
73,a,5,5,4,4,5,5,1,0,1,5,5,40
73,b,4,4,4,4,4,5,1,1,1,5,4,37
73,c,5,5,4,4,5,5,1,0,1,5,4,39
74,a,5,5,4,4,5,5,1,0,1,5,4,39
74,b,5,5,4,4,4,4,1,0,1,5,4,37
75,a,4,5,4,4,5,5,1,1,1,5,4,39
75,c,4,5,4,4,4,5,1,1,1,5,4,38
76,a,4,5,4,5,5,5,1,0,1,5,4,39
76,b,5,4,4,4,4,4,1,1,1,5,4,37
77,a,4,5,4,5,5,5,1,1,1,5,4,40
77,b,4,5,4,4,4,5,1,1,1,5,4,38
77,c,4,5,4,4,5,5,1,0,1,5,4,38
78,a,4,5,4,4,5,5,1,0,1,5,4,38
78,b,4,4,4,4,4,4,1,0,1,4,4,34
78,c,4,5,4,4,5,5,1,1,1,5,4,39
79,a,4,5,4,4,5,5,1,0,1,5,4,38
79,b,5,5,4,4,5,5,1,0,1,5,5,40
80,a,4,5,4,4,4,5,1,1,1,5,4,38
80,b,4,5,4,4,4,5,1,0,1,5,4,37
81,a,4,5,4,4,5,5,1,1,1,5,4,39
81,b,4,5,4,4,4,5,1,0,1,5,4,37
82,a,4,5,4,4,5,5,1,0,1,5,4,38
82,c,4,5,4,4,4,5,1,1,1,5,4,38
83,a,4,5,4,4,5,5,1,0,1,5,5,39
83,b,5,5,4,4,4,5,1,0,1,5,4,38
84,a,4,5,4,4,5,5,1,1,1,5,4,39
84,b,4,5,4,4,4,4,1,0,1,5,4,36
85,a,4,5,4,4,5,5,1,1,1,5,4,39
85,b,4,5,4,4,5,5,1,1,1,5,4,39
86,a,4,5,4,4,4,5,1,1,1,5,4,38
86,c,4,5,4,4,4,5,1,1,1,5,4,38
87,a,4,5,4,4,5,5,1,0,1,5,4,38
87,c,4,5,4,4,4,5,1,1,1,5,4,38
88,a,4,5,4,4,5,5,1,1,1,5,4,39
88,b,4,5,4,4,5,4,1,1,1,5,4,38
88,c,4,5,4,4,5,5,1,1,1,5,4,39
89,a,4,5,4,5,5,5,1,0,1,5,5,40
89,c,4,5,4,4,4,5,1,1,1,5,4,38
90,a,5,5,4,4,5,5,1,1,1,5,4,40
90,c,4,5,4,4,4,5,1,1,1,5,4,38
91,a,4,5,4,4,5,5,1,1,1,5,4,39
91,b,5,5,4,4,4,5,1,0,1,5,5,39
91,c,4,5,4,4,4,5,1,1,1,5,4,38
92,a,4,5,4,4,5,5,1,0,1,5,4,38
92,b,5,5,4,4,4,5,1,0,1,5,4,38
93,a,5,5,4,5,5,5,1,0,1,5,5,41
93,b,4,5,4,4,4,5,1,0,1,5,4,37
93,c,4,5,4,4,4,5,1,0,1,5,4,37
94,a,4,5,4,4,5,4,1,1,1,5,4,38
94,b,5,5,4,4,4,5,1,0,1,5,4,38
94,c,4,5,4,4,4,5,1,1,1,5,4,38
95,a,4,5,4,4,5,5,1,1,1,5,4,39
95,c,4,5,4,4,4,4,1,1,1,4,4,36
96,a,4,5,4,4,5,5,1,1,1,5,4,39
96,b,4,5,4,4,5,5,1,0,1,5,4,38
96,c,4,5,4,4,4,5,1,1,1,5,4,38
97,a,5,5,4,5,5,5,1,0,1,5,5,41
97,c,4,5,4,4,4,5,1,1,1,5,4,38
98,a,4,5,4,4,5,5,1,1,1,5,4,39
98,b,4,5,4,4,5,5,1,1,1,5,4,39
99,a,4,5,4,4,5,5,1,1,1,5,4,39
99,b,4,5,4,4,5,5,1,0,1,5,4,38
99,c,4,5,4,4,4,5,1,1,1,5,4,38
100,a,4,5,4,4,5,5,1,1,1,5,4,39
100,b,4,5,4,4,4,5,1,1,1,5,4,38
100,c,5,5,4,4,5,5,1,1,1,5,4,40
101,a,5,5,4,4,5,5,1,0,1,5,5,40
101,c,4,5,4,4,4,5,1,1,1,5,4,38
102,a,4,5,4,4,5,5,1,1,1,5,5,40
102,b,4,5,4,4,5,5,1,1,1,5,4,39
103,a,4,5,4,4,5,5,1,0,1,5,4,38
103,b,5,5,4,4,4,4,1,0,1,5,4,37
103,c,4,5,4,4,4,5,1,1,1,5,4,38
104,a,4,5,4,4,5,5,1,0,1,5,4,38
105,a,4,5,4,4,5,5,1,0,1,5,4,38
105,b,5,5,4,4,4,4,1,0,1,5,4,37
106,a,4,5,4,5,5,5,1,1,1,5,4,40
106,b,5,5,4,4,4,5,1,0,1,4,4,37
107,a,4,5,4,4,5,5,1,1,1,5,4,39
107,b,4,5,4,4,4,4,1,1,1,5,4,37
108,a,4,5,4,4,5,5,1,0,1,5,4,38
108,b,4,5,4,4,5,5,1,1,1,5,4,39
108,c,4,5,4,4,4,5,1,1,1,5,4,38
109,a,4,5,4,4,5,5,1,0,1,5,4,38
109,b,4,5,4,4,4,5,1,0,1,5,5,38
110,a,4,5,4,4,5,5,1,0,1,5,4,38
110,b,3,5,4,4,4,5,1,1,1,5,4,37
110,c,4,5,4,4,4,5,1,1,1,5,4,38
111,a,4,5,4,5,5,5,1,1,1,5,4,40
112,a,4,5,4,5,5,5,1,0,1,5,4,39
113,a,4,5,4,5,5,5,1,0,1,5,4,39
113,b,5,5,4,4,4,5,1,0,1,5,4,38
113,c,4,5,4,4,4,5,1,1,1,5,4,38
114,a,4,5,4,4,5,5,1,1,1,5,4,39
114,b,5,5,4,4,4,5,1,0,1,5,4,38
114,c,4,5,4,4,5,5,1,1,1,5,4,39
115,a,4,5,4,4,5,5,1,1,1,5,4,39
115,b,5,5,4,4,4,5,1,1,1,5,4,39
116,a,4,5,4,4,5,5,1,1,1,5,4,39
116,b,4,5,4,4,5,5,1,1,1,5,4,39
117,a,4,5,4,4,5,5,1,1,1,5,4,39
117,b,5,5,4,4,4,5,1,0,1,5,4,38
117,c,4,5,4,4,5,5,1,1,1,5,4,39
118,a,5,5,4,4,5,5,1,0,1,5,4,39
118,c,4,5,4,4,5,5,1,0,1,5,4,38
119,a,4,5,4,5,5,5,1,0,1,5,4,39
119,b,4,5,4,4,4,5,1,1,1,5,4,38
119,c,4,5,4,4,4,5,1,1,1,5,4,38
120,a,4,5,4,4,5,5,1,0,1,5,4,38
120,b,4,5,4,4,4,4,1,1,1,5,4,37
121,a,4,5,4,4,4,5,1,1,1,5,4,38
121,c,4,5,4,4,4,5,1,1,1,5,4,38
122,a,4,5,4,4,5,5,1,0,1,5,4,38
122,b,4,5,4,4,4,4,1,1,1,5,4,37
123,a,4,5,4,4,5,5,1,0,1,5,4,38
123,b,4,5,4,4,5,5,1,0,1,5,4,38
124,a,4,5,4,4,5,5,1,1,1,5,5,40
124,b,4,5,4,4,4,4,1,0,1,4,4,35
124,c,4,5,4,4,4,5,1,0,1,5,4,37
125,a,4,5,4,5,5,5,1,0,1,5,4,39
125,b,4,5,4,4,4,4,1,0,1,5,4,36
126,a,4,5,4,4,5,5,1,0,1,5,4,38
126,b,4,4,4,4,4,4,1,1,1,5,4,36
127,a,4,5,4,4,5,5,1,0,1,5,4,38
127,b,5,5,4,4,4,4,1,0,1,5,4,37
128,a,4,5,4,4,5,5,1,0,1,5,4,38
128,b,4,5,4,4,4,5,1,0,1,5,4,37
128,c,4,5,4,4,4,4,1,1,1,5,4,37
129,a,4,5,4,4,5,5,1,0,1,5,4,38
129,c,4,5,4,4,4,5,1,0,1,5,4,37
130,a,4,5,4,4,5,5,1,1,1,5,4,39
130,c,4,5,4,4,4,5,1,1,1,5,4,38
131,a,4,5,4,4,5,5,1,0,1,5,4,38
131,b,4,5,4,4,4,5,1,1,1,5,4,38
132,a,4,5,4,4,5,4,1,1,1,5,4,38
132,b,4,5,4,4,4,5,1,0,1,5,4,37
132,c,4,5,4,4,4,5,1,1,1,5,4,38
133,a,4,5,4,4,5,5,1,1,1,5,4,39
133,b,5,5,4,4,4,4,1,0,1,4,4,36
134,a,4,5,4,4,5,5,1,1,1,5,4,39
134,b,5,5,4,4,5,5,1,0,1,5,4,39
135,a,4,5,4,4,5,5,1,0,1,5,4,38
135,b,4,5,4,4,4,5,1,1,1,5,4,38
136,a,4,5,4,4,4,5,1,1,1,5,4,38
136,c,4,5,4,4,5,5,1,1,1,5,5,40
137,a,4,5,4,5,5,5,1,0,1,5,4,39
137,b,5,5,4,4,4,5,1,0,1,5,4,38
137,c,4,5,4,4,4,5,1,1,1,5,4,38
138,a,4,5,4,4,5,5,1,1,1,5,4,39
138,b,4,5,4,4,4,4,1,1,1,4,4,36
138,c,4,5,4,4,4,5,1,1,1,5,4,38
139,a,4,5,4,4,5,5,1,1,1,5,4,39
140,a,4,5,4,4,4,5,1,1,1,5,4,38
140,b,4,5,4,4,5,5,1,0,1,5,4,38
140,c,4,5,4,4,5,5,1,0,1,5,5,39
141,a,5,5,4,4,5,5,1,0,1,5,4,39
141,b,5,5,4,4,5,5,1,0,1,5,4,39
141,c,5,5,4,4,5,5,1,1,1,5,5,41
142,a,4,5,4,4,5,5,1,0,1,5,4,38
142,b,4,5,4,4,4,4,1,0,1,4,4,35
143,a,4,5,4,4,5,5,1,0,1,5,4,38
143,b,4,5,4,4,5,5,1,0,1,5,5,39
143,c,4,5,4,4,4,5,1,0,1,5,5,38
144,a,4,5,4,4,5,4,1,1,1,5,4,38
144,b,4,5,4,4,4,5,1,0,1,5,4,37
144,c,4,5,4,4,5,5,1,1,1,5,4,39
145,a,4,5,4,4,5,5,1,0,1,5,4,38
145,c,4,5,4,4,4,5,1,0,1,5,4,37
146,a,4,5,4,4,4,5,1,1,1,5,4,38
146,b,5,5,4,4,4,5,1,1,1,5,4,39
146,c,4,5,4,4,5,5,1,0,1,5,4,38
147,a,4,5,4,4,5,5,1,0,1,5,5,39
147,c,4,5,4,5,4,5,1,0,1,5,4,38
148,a,4,5,4,4,5,5,1,0,1,5,4,38
148,b,4,5,4,4,5,5,1,0,1,5,4,38
148,c,4,5,4,4,4,5,1,1,1,5,4,38
149,a,4,5,4,5,5,5,1,0,1,5,4,39
149,c,4,5,4,4,4,5,1,1,1,5,4,38
150,a,4,5,4,4,4,5,1,1,1,5,4,38
150,b,4,5,4,4,4,5,1,1,1,5,4,38
150,c,4,5,4,4,5,5,1,1,1,5,4,39
151,a,4,5,4,4,5,5,1,1,1,5,4,39
151,b,5,5,4,4,5,5,1,0,1,5,5,40
151,c,4,5,4,4,5,5,1,0,1,5,4,38
152,a,5,5,4,5,5,5,1,0,1,5,5,41
152,c,4,5,4,4,4,5,1,1,1,5,4,38
153,a,4,5,4,4,5,5,1,0,1,5,4,38
153,b,4,5,4,4,4,5,1,0,1,5,4,37
153,c,4,5,4,4,4,5,1,1,1,5,4,38
154,a,5,5,4,4,5,5,1,0,1,5,5,40
154,b,5,5,4,4,4,4,1,0,1,5,4,37
155,a,4,5,4,4,5,5,1,0,1,5,5,39
155,b,4,5,4,4,4,5,1,1,1,5,4,38
156,a,4,5,4,4,4,5,1,1,1,5,4,38
156,b,4,5,4,4,4,5,1,0,1,5,4,37
157,a,4,5,4,4,5,5,1,1,1,5,4,39
157,b,4,5,4,4,5,5,1,0,1,5,4,38
157,c,4,5,4,4,4,5,1,1,1,5,4,38
158,a,4,5,4,4,5,5,1,1,1,5,4,39
158,b,5,5,4,4,5,5,1,0,1,5,5,40
159,a,4,5,4,4,5,5,1,0,1,5,4,38
159,c,4,5,4,4,5,5,1,1,1,5,4,39
160,a,4,5,4,4,5,5,1,1,1,5,4,39
160,c,4,5,4,4,5,5,1,1,1,5,4,39
161,a,4,5,4,4,5,5,1,1,1,5,4,39
161,c,4,5,4,4,5,5,1,1,1,5,4,39
162,a,4,5,4,4,5,5,1,1,1,5,4,39
162,b,4,5,4,4,4,5,1,0,1,5,4,37
162,c,4,5,4,4,5,5,1,1,1,5,4,39
163,a,4,5,4,4,5,5,1,1,1,5,4,39
163,b,4,4,4,4,4,4,1,1,1,4,4,35
163,c,4,5,4,4,4,5,1,1,1,5,4,38
164,a,4,5,4,4,5,5,1,0,1,5,4,38
165,a,4,5,4,4,4,5,1,1,1,5,4,38
165,b,4,5,4,4,4,5,1,0,1,5,4,37
166,a,4,5,4,4,5,5,1,0,1,5,4,38
167,a,4,5,4,4,5,5,1,1,1,5,4,39
167,b,4,5,4,4,4,4,1,0,1,5,4,36
167,c,4,5,4,4,4,5,1,1,1,5,4,38
168,a,4,5,4,4,5,5,1,0,1,5,4,38
168,b,4,5,4,4,4,5,1,0,1,5,4,37
168,c,4,5,4,4,4,5,1,1,1,5,4,38
169,a,4,5,4,5,5,5,1,0,1,5,5,40
169,c,4,5,4,4,4,5,1,0,1,5,4,37
170,a,4,5,4,5,5,5,1,1,1,5,4,40
170,b,4,5,4,4,4,4,1,1,1,5,4,37
170,c,4,5,4,4,4,5,1,1,1,5,4,38
171,a,5,5,4,4,5,5,1,0,1,5,4,39
171,b,5,5,4,4,4,4,1,0,1,5,4,37
171,c,4,5,4,4,4,5,1,1,1,5,4,38
172,a,5,5,4,4,5,5,1,0,1,5,4,39
172,b,5,5,4,4,4,5,1,1,1,5,4,39
172,c,4,5,4,4,5,5,1,1,1,5,4,39
173,a,5,5,4,5,5,5,1,0,1,5,5,41
174,a,4,5,4,4,5,5,1,1,1,5,4,39
174,b,5,5,4,4,5,5,1,0,1,5,4,39
175,a,4,5,4,4,4,5,1,1,1,5,4,38
176,a,4,5,4,4,5,5,1,1,1,5,4,39
176,b,4,5,4,4,4,4,1,0,1,5,4,36
176,c,4,5,4,4,5,5,1,1,1,5,4,39
177,a,4,5,4,4,5,5,1,0,1,5,4,38
177,b,4,5,4,4,4,5,1,1,1,5,4,38
178,a,4,5,4,4,5,5,1,0,1,5,4,38
178,b,5,5,4,4,4,4,1,0,1,5,4,37
178,c,4,5,4,4,5,5,1,1,1,5,4,39
179,a,4,5,4,4,5,5,1,1,1,5,4,39
179,b,5,5,4,4,4,4,1,1,1,5,4,38
179,c,4,5,4,4,4,5,1,0,1,5,4,37
180,a,4,5,4,4,5,5,1,1,1,5,4,39
180,b,4,5,4,4,5,5,1,0,1,5,4,38
181,a,4,5,4,4,4,5,1,1,1,5,4,38
181,b,4,5,4,4,4,5,1,0,1,5,4,37
181,c,4,5,4,4,5,5,1,1,1,5,4,39
182,a,4,5,4,5,5,5,1,0,1,5,5,40
182,b,4,5,4,4,4,5,1,0,1,5,4,37
183,a,4,5,4,4,5,5,1,0,1,5,5,39
183,c,4,5,4,4,4,5,1,1,1,5,4,38
184,a,4,5,4,4,5,5,1,0,1,5,4,38
185,a,4,5,4,4,5,5,1,0,1,5,4,38
185,b,4,5,4,4,4,4,1,1,1,5,4,37
186,a,4,5,4,4,5,5,1,1,1,5,4,39
186,b,4,5,4,4,4,5,1,0,1,5,4,37
187,a,4,5,4,5,5,5,1,0,1,5,4,39
187,b,5,5,4,4,4,4,1,0,1,4,4,36
188,a,4,5,4,5,5,5,1,0,1,5,4,39
188,b,4,5,4,4,4,5,1,0,1,5,4,37
189,a,5,5,4,4,5,5,1,0,1,5,4,39
189,c,5,5,4,4,5,5,1,0,1,5,4,39
190,a,4,5,4,4,5,5,1,1,1,5,4,39
190,b,4,5,4,4,4,5,1,0,1,5,4,37
191,a,4,5,4,4,5,5,1,0,1,5,4,38
191,b,4,4,4,4,4,5,1,1,1,5,4,37
192,a,4,5,4,4,5,5,1,1,1,5,4,39
192,b,4,5,4,4,5,5,1,1,1,5,4,39
193,a,4,5,4,4,5,5,1,1,1,5,4,39
193,b,5,5,4,4,4,5,1,1,1,5,4,39
194,a,4,5,4,4,5,5,1,1,1,5,4,39
194,c,4,5,4,4,4,5,1,0,1,5,4,37
195,a,4,5,4,4,5,5,1,0,1,5,4,38
195,b,4,5,4,4,4,5,1,1,1,5,4,38
196,a,4,5,4,4,5,5,1,1,1,5,4,39
197,a,4,5,4,4,5,5,1,1,1,5,4,39
197,b,5,5,4,4,5,5,1,0,1,5,4,39
198,a,4,5,4,5,5,5,1,1,1,5,4,40
198,b,5,5,4,4,4,5,1,0,1,5,4,38
198,c,4,5,4,4,4,5,1,0,1,5,4,37
199,a,4,5,4,4,5,5,1,1,1,5,4,39
199,b,4,5,4,4,5,5,1,1,1,5,4,39
200,a,4,5,4,4,5,5,1,0,1,5,4,38
200,b,3,5,4,4,4,5,1,1,1,5,4,37
200,c,4,5,4,4,4,5,1,0,1,5,4,37
201,a,4,5,4,5,5,5,1,0,1,5,4,39
201,c,4,5,4,4,4,5,1,1,1,5,4,38
202,a,4,5,4,4,5,5,1,1,1,5,4,39
202,b,5,5,4,4,4,4,1,0,1,4,4,36
203,a,4,5,4,5,5,5,1,0,1,5,5,40
204,a,4,5,4,4,5,5,1,0,1,5,4,38
204,b,5,5,4,4,5,5,1,0,1,5,4,39
205,a,4,5,4,4,5,5,1,0,1,5,4,38
205,c,3,4,4,4,4,5,1,1,1,5,4,36
206,a,4,5,4,4,5,5,1,1,1,5,4,39
206,b,4,4,4,4,5,5,1,0,1,5,4,37
206,c,4,5,4,4,4,5,1,1,1,5,4,38
207,a,4,5,4,4,5,5,1,0,1,5,4,38
207,b,4,5,4,4,5,5,1,1,1,5,4,39
207,c,4,5,4,4,4,4,1,1,1,5,4,37
208,a,4,5,4,4,5,5,1,0,1,5,4,38
208,b,2,5,4,4,4,5,1,1,1,5,4,36
208,c,4,5,4,4,4,5,1,1,1,5,4,38
209,a,4,5,4,4,4,4,1,0,1,5,4,36
209,b,4,5,4,4,4,5,1,1,1,5,4,38
210,a,4,5,4,4,4,4,1,1,1,5,4,37
210,b,4,5,4,4,4,5,1,0,1,5,4,37
211,a,4,5,4,4,5,5,1,0,1,5,4,38
211,b,4,5,4,4,4,4,1,0,1,5,4,36
211,c,4,5,4,4,4,5,1,0,1,5,4,37
212,a,4,5,4,4,5,5,1,0,1,5,4,38
212,b,4,5,4,4,4,5,1,0,1,5,4,37
212,c,4,5,4,4,5,5,1,0,1,5,4,38
213,a,4,5,4,4,5,5,1,0,1,5,4,38
213,c,4,5,4,4,5,5,1,1,1,5,4,39
214,a,4,5,4,4,4,5,1,1,1,5,4,38
214,b,4,5,4,4,3,4,1,0,1,4,4,34
214,c,4,5,4,4,4,5,1,1,1,5,4,38
215,a,4,5,4,5,5,5,1,0,1,5,4,39
215,b,4,5,4,4,4,4,1,0,1,5,4,36
216,a,5,5,4,4,5,5,1,0,1,5,5,40
216,b,5,5,4,4,4,5,1,0,1,5,4,38
216,c,4,5,4,4,5,5,1,1,1,5,4,39
217,a,4,5,4,4,5,5,1,0,1,5,4,38
217,b,4,5,4,4,4,4,1,0,1,5,4,36
217,c,4,5,4,4,5,5,1,1,1,5,4,39
218,a,4,5,4,4,5,5,1,0,1,5,4,38
218,b,4,5,4,4,4,5,1,0,1,5,4,37
218,c,4,5,4,4,5,5,1,0,1,5,4,38
219,a,5,5,4,5,5,5,1,0,1,5,4,40
219,c,4,5,4,4,5,5,1,0,1,5,4,38
220,a,5,5,4,4,5,5,1,1,1,5,4,40
220,b,4,5,4,4,4,5,1,1,1,5,4,38
220,c,4,5,4,4,5,5,1,1,1,5,4,39
221,a,5,5,4,4,5,5,1,1,1,5,4,40
221,b,4,5,4,4,5,5,1,0,1,5,5,39
221,c,4,5,4,4,4,5,1,1,1,5,4,38
222,a,4,5,4,4,5,5,1,0,1,5,4,38
222,b,4,5,4,4,4,5,1,0,1,5,4,37
222,c,5,5,4,4,5,5,1,0,1,5,5,40
223,a,5,5,4,4,5,5,1,1,1,5,5,41
223,b,5,5,4,4,5,5,1,0,1,5,5,40
223,c,4,5,4,4,4,5,1,1,1,5,4,38
224,a,4,5,4,4,5,5,1,1,1,5,4,39
224,b,4,5,4,4,4,4,1,0,1,5,4,36
224,c,4,5,4,4,4,5,1,1,1,5,4,38
225,a,4,5,4,5,5,5,1,0,1,5,4,39
225,b,4,5,4,4,5,5,1,0,1,5,4,38
226,a,4,5,4,4,5,5,1,0,1,5,4,38
227,a,4,5,4,4,5,5,1,0,1,5,4,38
227,b,4,5,4,4,4,5,1,0,1,5,4,37
228,a,4,5,4,5,5,5,1,1,1,5,5,41
228,b,4,5,4,4,4,5,1,0,1,5,4,37
228,c,5,5,4,4,4,5,1,1,1,5,5,40
229,a,4,5,4,4,5,5,1,0,1,5,4,38
229,b,4,5,4,4,5,5,1,0,1,5,4,38
230,a,4,5,4,4,5,5,1,0,1,5,4,38
230,b,4,5,4,4,4,5,1,0,1,5,4,37
230,c,4,5,4,4,5,5,1,1,1,5,4,39
231,a,4,5,4,4,5,5,1,0,1,5,4,38
231,b,4,5,4,4,4,4,1,1,1,5,4,37
232,a,4,5,4,4,5,5,1,0,1,5,5,39
232,b,4,4,4,4,4,5,1,1,1,5,4,37
232,c,4,5,4,4,4,5,1,1,1,5,4,38
233,a,4,5,4,4,5,5,1,0,1,5,4,38
233,b,4,5,4,4,4,5,1,1,1,5,4,38
234,a,5,5,4,5,5,5,1,1,1,5,4,41
234,b,4,5,4,4,4,5,1,0,1,5,4,37
234,c,4,5,4,4,4,5,1,1,1,5,4,38
235,a,4,5,4,4,5,5,1,1,1,5,4,39
235,c,4,5,4,4,4,5,1,1,1,5,4,38
236,a,4,5,4,4,5,5,1,0,1,5,4,38
236,b,4,5,4,4,4,5,1,1,1,5,4,38
237,a,4,5,4,4,5,5,1,0,1,5,4,38
237,b,5,5,4,4,4,5,1,0,1,5,4,38
238,a,4,5,4,4,5,5,1,1,1,5,4,39
238,b,4,5,4,4,4,4,1,1,1,4,4,36
238,c,4,5,4,4,5,5,1,1,1,5,4,39
239,a,5,5,4,4,5,5,1,0,1,5,4,39
239,b,2,5,4,4,4,5,1,1,1,5,4,36
240,a,5,5,4,4,5,5,1,0,1,5,5,40
240,c,4,5,4,4,5,5,1,1,1,5,4,39
241,a,4,5,4,4,4,5,1,1,1,5,4,38
241,c,4,5,4,4,5,5,1,0,1,5,5,39
242,a,4,5,4,4,5,5,1,0,1,5,4,38
242,b,4,5,4,4,4,5,1,1,1,5,4,38
243,a,4,5,4,4,5,5,1,1,1,5,4,39
243,b,4,5,4,4,4,5,1,0,1,5,4,37
243,c,4,5,4,4,4,5,1,1,1,5,4,38
244,a,4,5,4,4,5,5,1,0,1,5,4,38
244,b,4,5,4,4,4,4,1,1,1,5,4,37
244,c,5,5,4,4,4,5,1,1,1,5,4,39
245,a,5,5,4,4,5,5,1,0,1,5,5,40
245,c,4,5,4,4,4,5,1,1,1,5,4,38
246,a,4,5,4,5,5,5,1,0,1,5,5,40
246,c,4,5,4,4,4,5,1,1,1,5,4,38
247,a,5,5,4,4,5,5,1,0,1,5,4,39
247,c,4,5,4,4,4,5,1,0,1,5,4,37
248,a,4,5,4,4,5,5,1,1,1,5,4,39
249,a,4,5,4,4,5,5,1,1,1,5,4,39
249,b,4,5,4,4,4,5,1,1,1,5,4,38
250,a,4,5,4,4,5,5,1,1,1,5,4,39
250,b,4,5,4,4,4,4,1,0,1,5,4,36
250,c,4,5,4,4,4,5,1,1,1,5,4,38
251,a,4,5,4,4,5,5,1,0,1,5,5,39
251,c,4,5,4,4,4,5,1,1,1,5,4,38
252,a,5,5,4,4,5,5,1,0,1,5,5,40
252,b,4,5,4,4,5,5,1,0,1,5,4,38
252,c,4,5,4,4,5,5,1,1,1,5,4,39
253,a,4,5,4,4,5,5,1,1,1,5,4,39
253,b,4,5,4,4,4,5,1,1,1,5,4,38
253,c,4,5,4,4,5,5,1,0,1,5,4,38
254,a,4,5,4,4,5,5,1,0,1,5,4,38
255,a,4,5,4,5,5,5,1,0,1,5,4,39
255,b,4,5,4,4,4,5,1,0,1,5,4,37
256,a,4,5,4,4,5,5,1,0,1,5,4,38
256,b,4,4,4,4,4,4,1,0,1,4,4,34
256,c,4,5,4,4,4,5,1,0,1,5,4,37
257,a,4,5,4,4,5,5,1,1,1,5,4,39
257,b,5,5,4,4,4,4,1,0,1,5,4,37
257,c,4,5,4,4,4,5,1,1,1,5,4,38
258,a,4,5,4,4,5,5,1,0,1,5,4,38
258,b,4,5,4,4,5,5,1,0,1,5,4,38
258,c,4,5,4,4,4,5,1,0,1,5,4,37
259,a,5,5,4,4,5,5,1,1,1,5,4,40
259,c,4,5,4,4,5,5,1,1,1,5,5,40
260,a,4,5,4,4,5,5,1,1,1,5,4,39
260,b,4,5,4,4,4,5,1,1,1,5,4,38
261,a,4,5,4,4,5,5,1,1,1,5,4,39
261,b,4,5,4,4,5,5,1,0,1,5,4,38
261,c,4,5,4,4,4,5,1,1,1,5,4,38
262,a,4,5,4,4,5,5,1,0,1,5,4,38
262,c,4,5,4,4,4,5,1,1,1,5,4,38
263,a,4,5,4,4,5,5,1,0,1,5,4,38
263,b,4,5,4,4,4,4,1,0,1,5,4,36
264,a,4,5,4,4,5,5,1,0,1,5,4,38
264,c,4,5,4,4,4,5,1,0,1,5,4,37
265,a,4,5,4,4,5,5,1,1,1,5,4,39
265,b,4,5,4,4,4,5,1,1,1,5,4,38
265,c,4,5,4,4,4,5,1,0,1,5,4,37
266,a,4,5,4,5,5,5,1,0,1,5,5,40
267,a,4,5,4,5,5,5,1,1,1,5,4,40
267,b,5,5,4,4,4,5,1,0,1,5,4,38
267,c,4,5,4,4,5,5,1,1,1,5,4,39
268,a,4,5,4,4,5,5,1,0,1,5,4,38
268,c,4,5,4,4,5,5,1,0,1,5,4,38
269,a,4,5,4,4,5,5,1,0,1,5,5,39
269,b,5,5,4,5,4,5,1,0,1,5,5,40
269,c,4,5,4,4,4,5,1,0,1,5,4,37
270,a,4,5,4,4,5,5,1,1,1,5,4,39
270,b,5,5,4,4,4,4,1,1,1,5,4,38
270,c,4,5,4,4,5,5,1,1,1,5,4,39
271,a,4,5,4,4,4,5,1,1,1,5,4,38
271,c,4,5,4,4,5,5,1,1,1,5,4,39
272,a,4,5,4,5,5,5,1,1,1,5,4,40
272,b,4,4,4,4,4,4,1,1,1,5,4,36
273,a,4,5,4,4,5,5,1,0,1,5,4,38
273,c,4,5,4,4,4,5,1,0,1,5,4,37
274,a,4,5,4,5,5,5,1,1,1,5,4,40
274,b,4,5,4,4,4,4,1,0,1,5,4,36
274,c,4,5,4,4,4,5,1,1,1,5,4,38
275,a,4,5,4,4,5,5,1,1,1,5,4,39
275,b,4,5,4,4,5,5,1,0,1,5,5,39
276,a,5,5,4,4,5,5,1,0,1,5,4,39
276,c,4,5,4,4,4,5,1,1,1,5,4,38
277,a,4,5,4,4,5,5,1,0,1,5,5,39
277,b,4,5,4,4,5,5,1,1,1,5,4,39
277,c,4,5,4,4,4,5,1,0,1,5,4,37
278,a,4,5,4,4,5,5,1,0,1,5,4,38
278,b,4,5,4,4,4,5,1,0,1,5,4,37
278,c,4,5,4,4,4,5,1,1,1,5,4,38
279,a,5,5,4,4,5,5,1,0,1,5,4,39
279,b,4,5,4,4,4,5,1,0,1,5,4,37
279,c,4,5,4,4,5,5,1,1,1,5,4,39
280,a,4,5,4,4,5,5,1,1,1,5,4,39
280,b,4,5,4,4,4,4,1,1,1,5,4,37
280,c,4,5,4,4,5,5,1,1,1,5,4,39
281,a,4,5,4,4,5,5,1,0,1,5,4,38
281,c,4,5,4,4,4,5,1,1,1,5,4,38
282,a,4,5,4,4,5,5,1,1,1,5,5,40
282,b,4,5,4,4,5,5,1,1,1,5,4,39
282,c,4,5,4,4,5,5,1,1,1,5,4,39
283,a,5,5,4,5,5,5,1,0,1,5,5,41
283,b,5,5,4,4,5,5,1,0,1,5,5,40
284,a,4,5,4,4,5,5,1,1,1,5,4,39
284,b,4,5,4,4,4,5,1,0,1,5,4,37
285,a,4,5,4,4,5,5,1,0,1,5,4,38
285,c,4,5,4,4,5,5,1,1,1,5,4,39
286,a,5,5,4,5,5,5,1,0,1,5,5,41
286,b,4,5,4,4,4,5,1,1,1,5,4,38
287,a,4,5,4,5,5,5,1,0,1,5,4,39
287,b,4,5,4,4,4,4,1,0,1,5,4,36
288,a,4,5,4,4,5,5,1,1,1,5,4,39
288,b,5,5,4,4,5,5,1,1,1,5,4,40
289,a,4,5,4,4,5,5,1,1,1,5,4,39
290,a,4,5,4,5,5,5,1,0,1,5,4,39
290,c,4,5,4,4,5,5,1,0,1,5,4,38
291,a,4,5,4,5,5,5,1,0,1,5,5,40
291,b,4,5,4,4,4,4,1,0,1,5,4,36
292,a,4,5,4,4,5,5,1,1,1,5,4,39
292,c,4,5,4,4,4,5,1,1,1,5,4,38
293,a,4,5,4,4,5,5,1,1,1,5,4,39
293,b,2,5,4,4,4,5,1,1,1,5,4,36
294,a,4,5,4,4,4,5,1,1,1,5,4,38
294,b,5,5,4,4,4,5,1,0,1,5,4,38
295,a,5,5,4,4,5,5,1,0,1,5,4,39
295,b,3,5,4,4,4,5,1,1,1,5,4,37
295,c,4,5,4,4,4,5,1,1,1,5,4,38
296,a,4,5,4,4,5,5,1,1,1,5,4,39
296,c,4,5,4,4,4,5,1,1,1,5,4,38
297,a,4,5,4,4,4,5,1,0,1,5,5,38
297,b,4,5,4,4,4,4,1,1,1,5,4,37
297,c,4,5,4,4,5,5,1,1,1,5,4,39
298,a,4,5,4,4,5,5,1,0,1,5,4,38
298,c,4,5,4,4,4,5,1,1,1,5,4,38
299,a,4,5,4,4,5,5,1,0,1,5,4,38
299,b,4,5,4,4,5,5,1,1,1,5,4,39
299,c,4,5,4,4,5,5,1,0,1,5,4,38
300,a,4,5,4,4,5,5,1,1,1,5,4,39
300,b,4,5,4,4,4,5,1,1,1,5,4,38
300,c,4,5,4,4,4,5,1,1,1,5,5,39
301,a,4,5,4,4,5,5,1,0,1,5,4,38
301,b,5,5,4,4,5,5,1,0,1,5,4,39
301,c,4,5,4,4,4,5,1,1,1,5,4,38
302,a,4,5,4,4,5,5,1,1,1,5,4,39
302,b,4,5,4,4,4,5,1,0,1,5,4,37
302,c,4,5,4,4,5,5,1,0,1,5,4,38
303,a,4,5,4,4,5,5,1,0,1,5,5,39
303,c,4,5,4,4,4,5,1,0,1,5,4,37
304,a,4,5,4,4,5,5,1,1,1,5,4,39
304,b,4,5,4,4,4,4,1,1,1,4,4,36
304,c,4,5,4,4,4,5,1,1,1,5,4,38
305,a,5,5,4,4,5,5,1,1,1,5,5,41
306,a,4,5,4,4,5,5,1,1,1,5,4,39
306,b,4,4,4,4,4,4,1,1,1,4,4,35
306,c,4,5,4,4,4,5,1,1,1,5,4,38
307,a,4,5,4,4,5,5,1,0,1,5,4,38
307,b,5,5,4,4,5,5,1,0,1,5,4,39
307,c,5,5,4,4,4,5,1,1,1,5,4,39
308,a,5,5,4,4,5,5,1,0,1,5,5,40
308,b,4,5,4,4,4,5,1,0,1,5,4,37
308,c,5,5,4,4,5,5,1,0,1,5,5,40
309,a,4,5,4,4,5,5,1,1,1,5,4,39
310,a,4,5,4,4,5,5,1,0,1,5,4,38
310,b,5,5,4,4,5,5,1,0,1,5,4,39
310,c,4,5,4,4,5,5,1,1,1,5,4,39
311,a,4,5,4,4,5,5,1,1,1,5,4,39
311,b,4,5,4,4,4,5,1,0,1,5,4,37
312,a,4,5,4,5,5,5,1,0,1,5,5,40
312,b,4,4,4,4,4,5,1,1,1,5,4,37
312,c,4,5,4,4,5,5,1,1,1,5,4,39
313,a,5,5,4,4,5,5,1,0,1,5,4,39
313,b,4,5,4,4,4,5,1,1,1,5,4,38
313,c,4,5,4,4,4,5,1,1,1,5,4,38
314,a,4,5,4,4,4,5,1,1,1,5,4,38
314,b,4,5,4,4,4,4,1,0,1,5,4,36
314,c,4,5,4,4,4,5,1,0,1,5,4,37
315,a,4,5,4,4,5,5,1,1,1,5,4,39
315,b,5,5,4,4,5,5,1,0,1,5,4,39
315,c,4,5,4,4,5,5,1,1,1,5,4,39
316,a,4,5,4,4,5,5,1,0,1,5,4,38
316,c,4,5,4,4,4,5,1,1,1,5,4,38
317,a,4,5,4,5,5,5,1,0,1,5,5,40
317,c,4,5,4,4,5,5,1,1,1,5,4,39
318,a,4,5,4,4,5,5,1,1,1,5,4,39
318,b,4,5,4,4,4,5,1,0,1,5,4,37
318,c,4,5,4,4,5,5,1,1,1,5,4,39
319,a,4,5,4,4,5,5,1,1,1,5,4,39
319,b,5,5,4,4,4,5,1,0,1,5,4,38
319,c,4,5,4,4,5,5,1,1,1,5,4,39
320,a,4,5,4,4,5,5,1,0,1,5,4,38
320,b,4,5,4,4,4,5,1,1,1,5,4,38
321,a,5,5,4,4,5,5,1,0,1,5,4,39
321,c,4,5,4,4,5,5,1,1,1,5,4,39
322,a,4,5,4,4,5,5,1,1,1,5,4,39
322,b,4,4,4,4,4,5,1,0,1,5,4,36
322,c,4,5,4,4,4,5,1,1,1,5,4,38
323,a,4,5,4,5,5,5,1,0,1,5,5,40
323,b,4,5,4,4,5,5,1,0,1,5,4,38
324,a,4,5,4,4,5,5,1,1,1,5,5,40
324,c,4,5,4,4,5,5,1,0,1,5,4,38
325,a,4,5,4,4,5,5,1,0,1,5,4,38
325,b,4,5,4,4,4,4,1,0,1,5,4,36
325,c,4,5,4,4,4,5,1,0,1,5,4,37
326,a,4,5,4,4,5,5,1,1,1,5,4,39
326,b,4,5,4,4,5,5,1,0,1,5,4,38
327,a,4,5,4,4,4,5,1,1,1,5,4,38
327,b,4,5,4,4,5,5,1,1,1,5,4,39
327,c,4,5,4,4,5,5,1,1,1,5,4,39
328,a,4,5,4,4,5,5,1,1,1,5,4,39
328,b,4,5,4,4,4,5,1,0,1,5,4,37
329,a,4,5,4,4,5,5,1,1,1,5,4,39
329,b,5,5,4,4,4,5,1,0,1,5,4,38
329,c,4,5,4,4,4,5,1,1,1,5,4,38
330,a,4,5,4,4,5,4,1,1,1,5,4,38
330,c,4,5,4,4,5,5,1,0,1,5,4,38
331,a,4,5,4,4,5,5,1,0,1,5,4,38
331,c,4,5,4,4,5,5,1,1,1,5,4,39
332,a,4,5,4,4,5,5,1,0,1,5,5,39
332,c,4,5,4,4,4,5,1,1,1,5,4,38
333,a,4,5,4,4,5,5,1,1,1,5,4,39
333,b,5,5,4,4,5,5,1,0,1,5,4,39
333,c,4,5,4,4,5,5,1,1,1,5,4,39
334,a,4,5,4,4,5,5,1,1,1,5,4,39
334,b,4,5,4,4,4,5,1,1,1,5,4,38
334,c,4,5,4,4,5,5,1,1,1,5,4,39
335,a,4,5,4,4,4,4,1,1,1,5,4,37
335,b,4,4,4,4,4,5,1,0,1,5,4,36
336,a,4,5,4,4,5,5,1,1,1,5,5,40
336,b,4,5,4,4,4,5,1,1,1,5,4,38
336,c,4,5,4,4,5,5,1,1,1,5,4,39
337,a,4,5,4,4,5,5,1,0,1,5,4,38
337,b,4,5,4,4,5,5,1,1,1,5,4,39
337,c,4,5,4,4,4,5,1,1,1,5,4,38
338,a,4,5,4,4,5,5,1,0,1,5,4,38
338,b,4,5,4,4,4,5,1,1,1,5,4,38
338,c,4,5,4,4,4,5,1,1,1,5,4,38
339,a,4,5,4,4,5,5,1,1,1,5,4,39
339,b,5,5,4,4,4,5,1,0,1,5,4,38
339,c,4,5,4,4,4,5,1,1,1,5,4,38
340,a,4,5,4,4,5,5,1,0,1,5,4,38
340,c,4,5,4,4,5,5,1,1,1,5,4,39
341,a,4,5,4,4,5,5,1,0,1,5,4,38
341,b,5,5,4,4,4,4,1,0,1,5,4,37
342,a,4,5,4,4,5,5,1,0,1,5,4,38
343,a,5,5,4,4,5,5,1,0,1,5,4,39
343,b,5,5,4,4,4,5,1,1,1,5,4,39
343,c,4,5,4,4,4,5,1,1,1,5,4,38
344,a,4,5,4,4,4,5,1,1,1,5,4,38
344,b,4,5,4,4,4,5,1,0,1,5,4,37
344,c,4,5,4,4,5,5,1,0,1,5,4,38
345,a,4,5,4,5,5,5,1,0,1,5,5,40
345,b,5,5,4,4,4,5,1,0,1,5,4,38
345,c,4,5,4,4,5,5,1,1,1,5,4,39
346,a,4,5,4,5,5,5,1,0,1,5,4,39
346,b,4,5,4,4,4,5,1,1,1,5,4,38
346,c,4,5,4,4,4,5,1,1,1,5,4,38
347,a,4,5,4,4,5,5,1,1,1,5,4,39
347,b,4,5,4,4,4,4,1,0,1,5,5,37
347,c,4,5,4,4,4,5,1,1,1,5,4,38
348,a,4,5,4,4,5,5,1,1,1,5,4,39
348,b,5,5,4,4,4,4,1,0,1,5,4,37
348,c,4,5,4,4,4,5,1,1,1,5,4,38
349,a,4,5,4,4,4,4,1,1,1,5,4,37
349,b,5,5,4,4,4,5,1,0,1,5,4,38
349,c,5,5,4,4,4,5,1,0,1,5,5,39
350,a,5,5,4,5,5,5,1,0,1,5,5,41
350,b,4,5,4,4,4,5,1,0,1,5,4,37
350,c,4,5,4,4,4,5,1,1,1,5,4,38
351,a,4,5,4,4,5,5,1,0,1,5,4,38
351,b,4,5,4,4,5,5,1,1,1,5,4,39
351,c,4,5,4,4,5,5,1,1,1,5,4,39
352,a,4,5,4,4,5,5,1,1,1,5,4,39
353,a,4,5,4,5,5,5,1,1,1,5,5,41
353,b,4,5,4,4,5,5,1,1,1,5,4,39
353,c,4,5,4,5,5,5,1,0,1,5,5,40
354,a,4,5,4,4,5,5,1,1,1,5,4,39
354,b,5,5,4,4,4,5,1,0,1,5,4,38
354,c,4,5,4,4,4,5,1,0,1,5,4,37
355,a,4,5,4,5,5,5,1,0,1,5,4,39
355,b,4,5,4,4,4,5,1,1,1,5,4,38
355,c,4,5,4,4,4,5,1,1,1,5,4,38
356,a,4,5,4,4,5,5,1,1,1,5,4,39
356,b,4,5,4,4,5,5,1,0,1,5,4,38
356,c,4,5,4,4,4,5,1,1,1,5,4,38
357,a,4,5,4,4,5,5,1,1,1,5,4,39
357,b,4,5,4,4,4,4,1,1,1,4,4,36
357,c,4,5,4,4,5,5,1,1,1,5,4,39
358,a,4,4,4,4,4,5,1,1,1,5,4,37
358,c,4,5,4,4,4,5,0,1,1,5,4,37
359,a,4,5,4,5,5,5,1,0,1,5,5,40
359,b,4,5,4,4,5,5,1,1,1,5,4,39
359,c,4,5,4,4,5,5,1,1,1,5,4,39
360,a,4,5,4,4,5,5,1,0,1,5,4,38
360,b,4,5,4,4,4,5,1,0,1,5,4,37
360,c,4,5,4,4,5,5,1,1,1,5,4,39
361,a,4,5,4,5,5,5,1,0,1,5,4,39
361,c,4,5,4,4,4,5,1,0,1,5,4,37
362,a,4,5,4,4,5,5,1,1,1,5,4,39
362,b,4,5,4,4,4,5,1,0,1,5,4,37
362,c,4,5,4,4,4,5,1,1,1,5,4,38
363,a,4,5,4,4,5,5,1,1,1,5,4,39
363,b,4,5,4,4,4,5,1,0,1,5,4,37
363,c,4,5,4,5,5,5,1,0,1,5,5,40
364,a,4,5,4,4,5,5,1,1,1,5,4,39
364,b,4,5,4,4,4,5,1,1,1,5,4,38
364,c,4,5,4,4,4,5,1,1,1,5,4,38
365,a,5,5,4,5,5,5,1,0,1,5,5,41
365,b,4,5,4,4,4,5,1,1,1,5,4,38
366,a,4,5,4,4,5,5,1,1,1,5,4,39
366,c,4,5,4,4,5,5,1,0,1,5,5,39
367,a,4,5,4,4,4,5,1,1,1,5,4,38
368,a,4,5,4,4,4,5,1,1,1,5,4,38
368,c,4,5,4,4,5,5,1,1,1,5,4,39
369,a,5,5,4,5,5,5,1,0,1,5,5,41
370,a,4,5,4,5,5,5,1,0,1,5,5,40
370,b,4,5,4,4,4,5,1,1,1,5,4,38
370,c,4,5,4,4,4,5,1,1,1,5,4,38
371,a,4,5,4,4,5,5,1,1,1,5,4,39
371,b,5,5,4,4,4,5,1,0,1,5,4,38
372,a,5,5,4,4,5,5,1,0,1,5,4,39
373,a,4,5,4,5,5,5,1,0,1,5,5,40
373,c,4,5,4,4,4,5,1,1,1,5,4,38
374,a,4,5,4,4,5,5,1,0,1,5,4,38
374,b,4,5,4,4,4,5,1,1,1,5,4,38
375,a,4,5,4,4,5,5,1,0,1,5,4,38
375,c,4,5,4,4,4,5,1,1,1,5,4,38
376,a,4,5,4,4,5,5,1,1,1,5,4,39
376,c,3,5,4,4,4,5,1,1,1,5,4,37
377,a,4,5,4,4,5,5,1,0,1,5,4,38
377,b,4,5,4,4,4,5,1,1,1,5,4,38
377,c,4,5,4,4,4,5,1,1,1,5,4,38
378,a,5,5,4,4,5,5,1,1,1,5,5,41
378,c,4,5,4,4,5,5,1,1,1,5,4,39
379,a,4,5,4,5,5,5,1,1,1,5,4,40
379,b,4,5,4,4,4,5,1,0,1,5,4,37
379,c,4,5,4,4,4,5,1,1,1,5,4,38
380,a,4,5,4,4,5,5,1,0,1,5,4,38
380,c,4,5,4,4,4,5,1,1,1,5,4,38
381,a,4,5,4,4,4,5,1,1,1,5,4,38
381,b,5,5,4,4,4,5,1,1,1,5,4,39
381,c,4,5,4,4,5,5,1,1,1,5,4,39
382,a,5,5,4,5,5,5,1,1,1,5,4,41
383,a,4,5,4,4,5,5,1,0,1,5,5,39
383,b,4,5,4,4,4,5,1,0,1,5,4,37
384,a,4,5,4,4,5,5,1,0,1,5,4,38
384,b,5,5,4,4,4,5,1,0,1,5,4,38
384,c,4,5,4,4,5,5,1,1,1,5,4,39
385,a,4,5,4,5,5,5,1,1,1,5,4,40
385,b,4,5,4,4,4,5,1,0,1,5,4,37
386,a,4,5,4,4,5,5,1,0,1,5,4,38
386,b,5,5,4,4,5,5,1,0,1,5,4,39
386,c,4,5,4,4,4,5,1,1,1,5,4,38
387,a,4,5,4,4,5,5,1,1,1,5,4,39
387,c,4,5,4,4,4,5,1,1,1,5,4,38
388,a,4,5,4,4,5,5,1,0,1,5,4,38
388,b,4,5,4,4,5,5,1,0,1,5,4,38
389,a,4,5,4,4,5,5,1,1,1,5,4,39
389,b,4,5,4,4,4,5,1,1,1,5,4,38
389,c,4,5,4,4,4,5,1,1,1,5,4,38
390,a,4,5,4,4,5,5,1,1,1,5,4,39
390,b,4,5,4,4,4,5,1,1,1,5,4,38
390,c,4,5,4,4,5,5,1,1,1,5,5,40
391,a,4,5,4,4,5,4,1,1,1,5,4,38
391,b,4,5,4,4,4,5,1,0,1,5,4,37
391,c,4,5,4,4,4,5,1,0,1,5,4,37
392,a,4,5,4,4,4,4,1,1,1,5,4,37
392,c,4,5,4,4,4,5,1,1,1,5,4,38
393,a,4,5,4,4,5,5,1,0,1,5,4,38
393,b,3,4,4,4,4,5,1,1,1,5,4,36
394,a,4,5,4,4,5,5,1,0,1,5,5,39
394,b,4,5,4,4,4,5,1,0,1,5,4,37
394,c,4,5,4,4,4,5,1,1,1,5,4,38
395,a,4,5,4,4,5,5,1,1,1,5,4,39
396,a,4,5,4,4,5,5,1,0,1,5,5,39
396,b,4,5,4,4,5,5,1,0,1,5,4,38
396,c,4,5,4,4,4,5,1,1,1,5,4,38
397,a,4,5,4,4,5,5,1,1,1,5,4,39
397,b,4,5,4,4,4,5,1,0,1,5,4,37
397,c,4,5,4,4,4,5,1,1,1,5,4,38
398,a,4,5,4,4,5,5,1,1,1,5,4,39
398,b,4,5,4,4,5,5,1,0,1,5,4,38
398,c,4,5,4,4,5,5,1,0,1,5,4,38
399,a,4,5,4,4,5,5,1,1,1,5,4,39
399,b,5,5,4,4,5,5,1,0,1,5,4,39
399,c,4,5,4,4,4,5,1,1,1,5,4,38
400,a,4,5,4,4,5,4,1,0,1,5,4,37
400,b,4,5,4,4,4,5,1,1,1,5,4,38
400,c,4,5,4,4,5,5,1,1,1,5,4,39
401,a,4,5,4,5,5,5,1,0,1,5,4,39
401,c,4,5,4,4,5,5,1,0,1,5,5,39
402,a,4,5,4,4,5,5,1,1,1,5,4,39
402,b,4,5,4,4,4,4,1,0,1,5,4,36
402,c,4,5,4,4,5,5,1,0,1,5,4,38
403,a,4,5,4,4,5,5,1,1,1,5,4,39
403,b,4,5,4,4,4,5,1,0,1,5,4,37
404,a,4,5,4,4,5,5,1,1,1,5,4,39
404,c,4,5,4,4,5,5,1,0,1,5,4,38
405,a,4,5,4,4,5,4,1,1,1,5,4,38
406,a,4,5,4,4,5,5,1,0,1,5,4,38
406,c,4,5,4,4,5,5,1,1,1,5,4,39
407,a,4,5,4,4,5,5,1,0,1,5,4,38
407,c,4,5,4,4,5,5,1,1,1,5,4,39
408,a,4,5,4,4,5,5,1,0,1,5,4,38
408,c,4,5,4,4,5,5,1,0,1,5,4,38
409,a,4,5,4,4,5,5,1,1,1,5,4,39
409,b,4,5,4,4,4,5,1,0,1,5,4,37
409,c,4,5,4,4,5,5,1,1,1,5,4,39
410,a,4,5,4,4,5,5,1,1,1,5,4,39
410,c,4,5,4,4,5,5,1,1,1,5,4,39
411,a,4,5,4,4,5,5,1,1,1,5,4,39
411,c,4,5,4,4,4,5,1,1,1,5,4,38
412,a,4,5,4,4,5,5,1,1,1,5,4,39
412,c,3,4,4,4,2,5,1,1,1,5,4,34
413,a,4,5,4,5,5,5,1,0,1,5,4,39
413,c,4,5,4,4,5,5,1,1,1,5,4,39
414,a,4,5,4,4,5,5,1,0,1,5,4,38
414,b,4,5,4,4,4,5,1,1,1,5,4,38
415,a,4,5,4,4,5,5,1,0,1,5,4,38
415,b,5,5,4,4,5,5,1,0,1,5,5,40
415,c,4,5,4,4,5,5,1,1,1,5,4,39
416,a,4,5,4,4,5,5,1,1,1,5,4,39
416,b,3,5,4,4,4,5,1,1,1,5,4,37
416,c,4,5,4,4,3,5,1,1,1,5,4,37
417,a,4,5,4,4,5,5,1,0,1,5,4,38
417,b,4,4,4,4,4,5,1,0,1,5,4,36
418,a,4,5,4,4,5,5,1,1,1,5,4,39
418,b,5,5,4,4,4,5,1,0,1,5,4,38
419,a,4,5,4,4,5,5,1,0,1,5,5,39
419,b,4,5,4,4,4,5,1,0,1,5,4,37
419,c,4,5,4,4,4,5,1,1,1,5,4,38
420,a,4,5,4,4,5,5,1,1,1,5,4,39
420,b,5,5,4,4,4,5,1,0,1,5,4,38
421,a,4,5,4,4,5,5,1,0,1,5,4,38
421,b,4,5,4,4,3,4,1,1,1,5,4,36
421,c,4,5,4,4,4,5,1,1,1,5,4,38
422,a,4,5,4,4,4,5,1,1,1,5,4,38
422,b,3,4,4,4,3,4,1,0,1,5,4,33
422,c,4,5,4,4,4,5,1,1,1,5,4,38
423,a,4,5,4,4,5,5,1,0,1,5,4,38
423,b,4,5,4,4,4,5,1,1,1,5,4,38
423,c,4,5,4,4,4,5,1,1,1,5,4,38
424,a,4,5,4,4,5,5,1,0,1,5,4,38
424,b,4,5,4,4,4,5,1,0,1,5,4,37
424,c,4,5,4,4,4,5,1,1,1,5,4,38
425,a,4,5,4,4,5,5,1,1,1,5,5,40
426,a,5,5,4,5,5,5,1,0,1,5,5,41
426,b,5,5,4,4,5,5,1,0,1,5,5,40
426,c,4,5,4,4,4,5,1,1,1,5,4,38
427,a,4,5,4,4,5,4,1,1,1,5,4,38
427,b,5,5,4,4,5,5,1,0,1,5,4,39
427,c,4,5,4,4,5,5,1,0,1,5,4,38
428,a,4,5,4,4,4,5,1,1,1,5,4,38
428,c,4,5,4,4,4,5,1,1,1,5,4,38
429,a,4,5,4,5,5,5,1,0,1,5,4,39
429,b,4,5,4,4,4,5,1,1,1,5,4,38
430,a,4,5,4,4,5,5,1,1,1,5,4,39
430,c,4,5,4,4,5,5,1,0,1,5,4,38
431,a,4,5,4,4,5,5,1,1,1,5,4,39
431,b,4,5,4,4,4,5,1,0,1,5,4,37
431,c,4,5,4,4,4,5,1,1,1,5,4,38
432,a,4,5,4,4,5,5,1,1,1,5,4,39
432,b,5,5,4,5,5,5,1,0,1,5,5,41
432,c,4,5,4,4,4,5,1,0,1,5,4,37
433,a,5,5,4,4,5,5,1,1,1,5,4,40
433,c,4,5,4,4,4,5,1,1,1,5,4,38
434,a,4,5,4,4,5,5,1,1,1,5,4,39
434,b,4,5,4,4,4,5,1,1,1,5,4,38
434,c,4,5,4,4,4,5,1,1,1,5,4,38
435,a,5,5,4,4,5,5,1,0,1,5,5,40
435,b,4,5,4,4,4,5,1,0,1,5,4,37
435,c,4,5,4,4,4,5,1,1,1,5,4,38
436,a,4,5,4,4,4,5,1,1,1,5,4,38
436,b,4,5,4,4,5,5,1,0,1,5,4,38
437,a,4,5,4,4,4,4,1,1,1,5,4,37
437,b,4,5,4,4,4,5,1,0,1,5,4,37
437,c,4,5,4,4,5,5,1,1,1,5,4,39
438,a,4,5,4,4,5,5,1,0,1,5,4,38
438,b,4,5,4,4,4,5,1,1,1,5,4,38
438,c,4,5,4,4,4,5,1,1,1,5,4,38
439,a,4,5,4,4,5,5,1,1,1,5,4,39
439,b,5,5,4,4,4,5,1,0,1,5,4,38
439,c,4,5,4,4,4,5,1,1,1,5,4,38
440,a,4,5,4,4,5,5,1,1,1,5,4,39
441,a,4,5,4,4,5,5,1,0,1,5,4,38
441,b,4,5,4,4,5,5,1,0,1,5,4,38
441,c,4,5,4,4,4,5,1,1,1,5,4,38
442,a,4,5,4,4,5,5,1,1,1,5,4,39
442,b,4,5,4,4,4,5,1,0,1,5,4,37
442,c,4,5,4,4,4,5,1,1,1,5,4,38
443,a,4,5,4,4,5,5,1,0,1,5,4,38
443,c,4,5,4,4,5,5,1,1,1,5,4,39
444,a,5,5,4,5,5,5,1,1,1,5,5,42
444,b,5,5,4,4,4,5,1,0,1,5,4,38
444,c,5,5,4,4,5,5,1,1,1,5,5,41
445,a,4,5,4,5,5,5,1,0,1,5,4,39
445,c,4,5,4,4,5,5,1,1,1,5,4,39
446,a,4,5,4,5,5,5,1,0,1,5,5,40
446,b,4,5,4,4,5,5,1,0,1,5,4,38
447,a,4,5,4,4,5,5,1,1,1,5,4,39
447,b,4,5,4,4,4,4,1,0,1,4,4,35
448,a,4,5,4,4,5,5,1,1,1,5,4,39
449,a,4,5,4,5,5,5,1,1,1,5,5,41
449,b,4,5,4,4,4,4,1,0,1,5,4,36
449,c,4,5,4,4,5,5,1,1,1,5,4,39
450,a,4,5,4,5,5,5,1,1,1,5,5,41
450,b,4,5,4,5,5,5,1,0,1,5,4,39
451,a,5,5,4,4,4,5,1,0,1,5,4,38
451,c,4,5,4,4,4,5,1,0,1,5,4,37
452,a,5,5,4,4,5,5,1,0,1,5,5,40
452,b,4,5,4,4,4,5,1,0,1,5,4,37
453,a,4,5,4,4,5,5,1,0,1,5,4,38
453,b,4,5,4,4,5,5,1,0,1,5,4,38
454,a,4,5,4,4,5,5,1,1,1,5,4,39
455,a,4,5,4,4,4,5,1,1,1,5,4,38
455,b,4,5,4,4,4,4,1,1,1,5,4,37
456,a,5,5,4,4,5,5,1,1,1,5,4,40
456,c,4,5,4,4,4,5,1,0,1,5,4,37
457,a,4,5,4,4,5,5,1,1,1,5,4,39
457,b,4,5,4,4,4,4,1,1,1,5,4,37
457,c,4,5,4,4,5,5,1,1,1,5,4,39
458,a,5,5,4,4,5,5,1,0,1,5,5,40
458,c,4,5,4,4,5,5,1,1,1,5,4,39
459,a,4,5,4,5,5,5,1,0,1,5,4,39
459,c,4,5,4,4,4,5,1,1,1,5,4,38
460,a,4,5,4,5,5,5,1,0,1,5,5,40
460,b,4,5,4,4,5,5,1,1,1,5,4,39
460,c,4,5,4,4,4,5,1,1,1,5,4,38
461,a,4,5,4,4,3,5,1,1,1,5,4,37
461,b,4,5,4,4,4,5,1,0,1,5,4,37
461,c,4,5,4,4,5,5,1,1,1,5,4,39
462,a,4,5,4,4,5,5,1,1,1,5,4,39
463,a,4,5,4,4,5,5,1,0,1,5,4,38
463,b,4,5,4,4,4,5,1,0,1,5,4,37
463,c,4,5,4,4,5,5,1,1,1,5,4,39
464,a,4,5,4,4,5,5,1,1,1,5,4,39
465,a,4,5,4,4,5,5,1,1,1,5,4,39
465,b,4,5,4,4,4,5,1,1,1,5,4,38
465,c,4,5,4,5,5,5,1,0,1,5,5,40
466,a,4,5,4,4,5,5,1,1,1,5,4,39
466,b,4,5,4,4,4,4,1,0,1,5,4,36
466,c,4,5,4,4,4,5,1,1,1,5,4,38
467,a,5,5,4,4,5,5,1,0,1,5,4,39
467,c,4,5,4,4,4,5,1,1,1,5,4,38
468,a,4,5,4,4,4,5,1,1,1,5,4,38
468,b,4,5,4,4,4,4,1,0,1,5,4,36
468,c,4,5,4,4,4,5,1,1,1,5,4,38
469,a,4,5,4,4,5,5,1,0,1,5,5,39
469,b,4,5,4,4,4,5,1,0,1,5,4,37
469,c,4,5,4,4,4,5,1,0,1,5,4,37
470,a,4,5,4,4,5,5,1,0,1,5,4,38
471,a,4,5,4,4,5,5,1,0,1,5,5,39
471,c,5,5,4,4,5,5,1,0,1,5,5,40
472,a,4,5,4,4,5,5,1,0,1,5,4,38
472,b,4,5,4,4,5,5,1,0,1,5,4,38
472,c,4,5,4,4,5,5,1,1,1,5,4,39
473,a,5,5,4,4,5,5,1,0,1,5,4,39
473,c,5,5,4,4,5,5,1,0,1,5,4,39
474,a,4,5,4,4,4,5,1,0,1,5,4,37
474,c,4,5,4,4,4,5,1,0,1,5,4,37
475,a,4,5,4,4,5,5,1,1,1,5,4,39
475,b,5,5,4,4,4,5,1,1,1,5,4,39
475,c,4,5,4,4,4,5,1,1,1,5,4,38
476,a,4,5,4,4,5,5,1,1,1,5,4,39
476,b,4,5,4,4,4,5,1,0,1,5,4,37
476,c,4,4,4,4,4,4,1,1,1,5,4,36
477,a,3,5,4,4,4,4,1,1,1,5,4,36
477,b,4,5,4,4,4,5,1,0,1,5,4,37
477,c,4,5,4,4,4,5,1,1,1,5,4,38
478,a,4,5,4,4,5,5,1,0,1,5,4,38
478,b,4,4,4,4,4,5,1,1,1,5,4,37
479,a,4,5,4,4,5,5,1,1,1,5,4,39
479,c,4,5,4,4,4,5,1,1,1,5,4,38
480,a,4,5,4,4,5,5,1,0,1,5,4,38
480,c,4,5,4,4,4,5,1,1,1,5,4,38
481,a,4,5,4,4,5,4,1,1,1,5,4,38
481,b,4,5,4,4,4,5,1,0,1,5,4,37
481,c,4,5,4,5,5,5,1,1,1,5,4,40
482,a,4,5,4,4,5,5,1,1,1,5,4,39
482,c,4,5,4,4,5,5,1,0,1,5,4,38
483,a,4,5,4,4,5,5,1,0,1,5,5,39
483,b,2,5,4,4,4,5,1,1,1,5,5,37
483,c,4,5,4,4,4,5,1,1,1,5,4,38
484,a,4,5,4,4,5,5,1,1,1,5,4,39
485,a,4,5,4,5,5,5,1,0,1,5,4,39
485,c,4,5,4,4,4,5,1,1,1,5,4,38
486,a,4,5,4,4,5,5,1,1,1,5,4,39
486,b,4,5,4,4,4,5,1,0,1,5,4,37
487,a,4,5,4,5,5,5,1,0,1,5,4,39
487,c,4,5,4,4,4,5,1,1,1,5,4,38
488,a,4,5,4,4,5,5,1,1,1,5,4,39
488,c,4,5,4,4,5,5,1,1,1,5,4,39
489,a,4,5,4,4,5,5,1,1,1,5,4,39
489,b,4,5,4,4,4,4,1,0,1,5,4,36
490,a,4,5,4,5,5,5,1,0,1,5,4,39
490,c,4,5,4,4,4,5,1,1,1,5,4,38
491,a,4,5,4,4,5,5,1,1,1,5,4,39
491,b,4,5,4,4,4,5,1,1,1,5,4,38
491,c,4,5,4,4,4,5,1,0,1,5,4,37
492,a,4,5,4,4,5,5,1,1,1,5,4,39
492,b,4,5,4,5,4,5,1,0,1,5,5,39
493,a,4,5,4,4,5,5,1,1,1,5,4,39
493,b,4,5,4,4,4,4,1,1,1,5,4,37
493,c,4,5,4,4,5,5,1,1,1,5,4,39
494,a,5,5,4,5,5,5,1,0,1,5,5,41
494,b,4,5,4,4,5,5,1,0,1,5,4,38
494,c,4,5,4,4,5,5,1,0,1,5,4,38
495,a,4,5,4,4,5,5,1,1,1,5,4,39
495,c,4,5,4,4,4,5,1,0,1,5,4,37
496,a,4,5,4,5,5,5,1,0,1,5,4,39
496,b,4,5,4,4,4,4,1,0,1,5,4,36
496,c,4,5,4,4,4,5,1,1,1,5,4,38
497,a,4,5,4,4,5,5,1,1,1,5,5,40
497,b,4,5,4,4,4,5,1,0,1,5,4,37
497,c,4,5,4,4,5,5,1,1,1,5,5,40
498,a,4,5,4,4,5,5,1,1,1,5,5,40
498,c,4,5,4,4,4,5,1,1,1,5,4,38
499,a,4,5,4,4,4,5,1,1,1,5,4,38
500,a,4,5,4,4,4,5,1,1,1,5,4,38
500,c,4,5,4,4,5,5,1,1,1,5,4,39
